Sample,clade
IN01,20I (Alpha; V1)
IN02,20A
IN03,20I (Alpha; V1)
IN04,20A
IN05,19B
IN06,20A
IN07,20A
IN08,20B
IN09,20B
IN10,20A
IN11,20A
IN12,20B
IN13,20A
IN14,20A
IN15,20A
IN16,20B
IN17,20A
IN18,20A
IN19,20A
IN20,20A
IN21,20B
IN22,20I (Alpha; V1)
IN23,20I (Alpha; V1)
IN24,20A
IN25,20A
IN26,20I (Alpha; V1)
IN27,20I (Alpha; V1)
IN28,20E (EU1)
IN29,20A
IN30,20A
IN31,20A
IN32,20A
IN33,19B
IN34,20A
IN35,20A
IN36,20A
IN37,20A
IN38,20A
IN39,20A
IN40,20A
IN41,20A
IN42,20B
IN43,20A
IN44,20A
IN45,20B
IN46,20A
IN47,20I (Alpha; V1)
IN48,20B
